{"layout":"Custom","appName":"Vorauto","appIconStandard":"http://www.gstatic.com/ads/standard_schemas/resources/app_promo_icon_300x300.png","appIconHighRes":"http://www.gstatic.com/ads/standard_schemas/resources/app_promo_icon_300x300.png","callToAction":"INSTALL","downloadText":"Download from the app store now!","price":"FREE","rating":"3.8","reviews":"4,905,810","promoHeadline":"Customize your Vorauto","promoDescription":"Modify your Vorauto and compete to see who has the ultimate car!","screenshots":"http://www.gstatic.com/ads/standard_schemas/resources/app_promo_screen1_1059x900.png, http://www.gstatic.com/ads/standard_schemas/resources/app_promo_screen2_526x900.png, http://www.gstatic.com/ads/standard_schemas/resources/app_promo_screen3_1059x900.png, http://www.gstatic.com/ads/standard_schemas/resources/app_promo_screen4_526x900.png","screenshot1":"http://www.gstatic.com/ads/standard_schemas/resources/app_promo_screen1_1059x900.png","screenshot2":"http://www.gstatic.com/ads/standard_schemas/resources/app_promo_screen2_526x900.png","screenshot3":"http://www.gstatic.com/ads/standard_schemas/resources/app_promo_screen3_1059x900.png","screenshot4":"http://www.gstatic.com/ads/standard_schemas/resources/app_promo_screen4_526x900.png"}